quarter,carrying capacity,qau
2016 삼분기,129466.66666666667,124288
2016 사분기,252489.79591836734,251247
2017 일분기,162975.51020408163,163986
2017 이분기,161297.95918367346,162467
